{"cameraMode":{"drawMode":0,"name":"Shaded","section":"Shading Mode"},"sceneLighting":false,"audioPlay":false,"sceneViewState":{"showFog":true,"showMaterialUpdate":true,"showSkybox":true,"showFlares":true,"showImageEffects":true,"showParticleSystems":true},"in2DMode":false,"pivot":{"x":-1.532163381576538,"y":-0.044596314430236819,"z":3.801866054534912},"rotation":{"x":-0.19660142064094544,"y":-0.26224544644355776,"z":0.05466461554169655,"w":-0.9431792497634888},"size":27.089977264404298,"orthographic":false}