{"cameraMode":{"drawMode":0,"name":"Shaded","section":"Shading Mode"},"sceneLighting":false,"audioPlay":false,"sceneViewState":{"showFog":true,"showMaterialUpdate":true,"showSkybox":true,"showFlares":true,"showImageEffects":true,"showParticleSystems":true},"in2DMode":false,"pivot":{"x":-56.90625,"y":-8.813251495361329,"z":313.6106262207031},"rotation":{"x":-0.1258251816034317,"y":0.7379973530769348,"z":-0.14346298575401307,"w":-0.6472607254981995},"size":16.701183319091798,"orthographic":false}