{"cameraMode":{"drawMode":0,"name":"Shaded","section":"Shading Mode"},"sceneLighting":false,"audioPlay":false,"sceneViewState":{"showFog":true,"showMaterialUpdate":true,"showSkybox":true,"showFlares":true,"showImageEffects":true,"showParticleSystems":true},"in2DMode":false,"pivot":{"x":0.0,"y":-9.313225746154785e-9,"z":-1.4901161193847657e-8},"rotation":{"x":-0.30690911412239077,"y":-0.01826642081141472,"z":0.00589239876717329,"w":-0.9515452980995178},"size":5.213671684265137,"orthographic":false}