{"cameraMode":{"drawMode":0,"name":"Shaded","section":"Shading Mode"},"sceneLighting":false,"audioPlay":false,"sceneViewState":{"showFog":true,"showMaterialUpdate":true,"showSkybox":true,"showFlares":true,"showImageEffects":true,"showParticleSystems":true},"in2DMode":false,"pivot":{"x":-1.500507116317749,"y":0.0470128059387207,"z":11.600171089172364},"rotation":{"x":-0.140463188290596,"y":0.03148529306054115,"z":-0.004468377213925123,"w":-0.9895750880241394},"size":7.991043567657471,"orthographic":false}