{"cameraMode":{"drawMode":0,"name":"Shaded","section":"Shading Mode"},"sceneLighting":false,"audioPlay":false,"sceneViewState":{"showFog":true,"showMaterialUpdate":true,"showSkybox":true,"showFlares":true,"showImageEffects":true,"showParticleSystems":true},"in2DMode":false,"pivot":{"x":0.0000011920928955078126,"y":-1.51637601852417,"z":9.934009552001954},"rotation":{"x":-0.1258251816034317,"y":0.7379973530769348,"z":-0.14346298575401307,"w":-0.6472607254981995},"size":12.068521499633789,"orthographic":false}