{"cameraMode":{"drawMode":0,"name":"Shaded","section":"Shading Mode"},"sceneLighting":false,"audioPlay":false,"sceneViewState":{"showFog":true,"showMaterialUpdate":true,"showSkybox":true,"showFlares":true,"showImageEffects":true,"showParticleSystems":true},"in2DMode":false,"pivot":{"x":0.03000020980834961,"y":-1.3962397575378419,"z":30.599998474121095},"rotation":{"x":-0.18007387220859528,"y":0.18787962198257447,"z":-0.035061534494161609,"w":-0.9649069905281067},"size":100.36572265625,"orthographic":true}