{"cameraMode":{"drawMode":0,"name":"Shaded","section":"Shading Mode"},"sceneLighting":false,"audioPlay":false,"sceneViewState":{"showFog":true,"showMaterialUpdate":true,"showSkybox":true,"showFlares":true,"showImageEffects":true,"showParticleSystems":true},"in2DMode":false,"pivot":{"x":2.384185791015625e-7,"y":-1.5163772106170655,"z":1.8839426040649415},"rotation":{"x":-0.2211167961359024,"y":0.6630970239639282,"z":-0.21497021615505219,"w":-0.6820538640022278},"size":12.519442558288575,"orthographic":false}