{"cameraMode":{"drawMode":0,"name":"Shaded","section":"Shading Mode"},"sceneLighting":false,"audioPlay":false,"sceneViewState":{"showFog":true,"showMaterialUpdate":true,"showSkybox":true,"showFlares":true,"showImageEffects":true,"showParticleSystems":true},"in2DMode":false,"pivot":{"x":0.000042416155338287354,"y":-0.000029221177101135254,"z":-0.00009773252531886101},"rotation":{"x":-0.30690911412239077,"y":-0.01826642081141472,"z":0.00589239876717329,"w":-0.9515452980995178},"size":0.758820652961731,"orthographic":false}