{"cameraMode":{"drawMode":0,"name":"Shaded","section":"Shading Mode"},"sceneLighting":false,"audioPlay":false,"sceneViewState":{"showFog":true,"showMaterialUpdate":true,"showSkybox":true,"showFlares":true,"showImageEffects":true,"showParticleSystems":true},"in2DMode":false,"pivot":{"x":2.384185791015625e-7,"y":-1.5163772106170655,"z":5.613942623138428},"rotation":{"x":-0.18170522153377534,"y":0.6155949234962463,"z":-0.14869044721126557,"w":-0.752274751663208},"size":12.519442558288575,"orthographic":false}