{"cameraMode":{"drawMode":0,"name":"Shaded","section":"Shading Mode"},"sceneLighting":false,"audioPlay":false,"sceneViewState":{"showFog":true,"showMaterialUpdate":true,"showSkybox":true,"showFlares":true,"showImageEffects":true,"showParticleSystems":true},"in2DMode":false,"pivot":{"x":-0.020285189151763917,"y":0.4554552435874939,"z":0.0013843774795532227},"rotation":{"x":-0.0852930024266243,"y":-0.04899436607956886,"z":0.004200240597128868,"w":-0.9951416850090027},"size":1.5048506259918213,"orthographic":true}