{"cameraMode":{"drawMode":0,"name":"Shaded","section":"Shading Mode"},"sceneLighting":false,"audioPlay":false,"sceneViewState":{"showFog":true,"showMaterialUpdate":true,"showSkybox":true,"showFlares":true,"showImageEffects":true,"showParticleSystems":true},"in2DMode":false,"pivot":{"x":-1.9453184604644776,"y":2.1062276363372804,"z":4.919792175292969},"rotation":{"x":-0.12861859798431397,"y":-0.1508082002401352,"z":0.019794197753071786,"w":-0.9799603819847107},"size":8.948539733886719,"orthographic":false}